<?xml version="1.0" encoding="UTF-8"?>

<mule xmlns:http="http://www.mulesoft.org/schema/mule/http" xmlns="http://www.mulesoft.org/schema/mule/core" xmlns:doc="http://www.mulesoft.org/schema/mule/documentation"
	xmlns:spring="http://www.springframework.org/schema/beans" 
	xmlns:xsi="http://www.w3.org/2001/XMLSchema-instance"
	xsi:schemaLocation="http://www.springframework.org/schema/beans http://www.springframework.org/schema/beans/spring-beans-current.xsd
http://www.mulesoft.org/schema/mule/core http://www.mulesoft.org/schema/mule/core/current/mule.xsd
http://www.mulesoft.org/schema/mule/http http://www.mulesoft.org/schema/mule/http/current/mule-http.xsd">
    <http:listener-config name="HTTP_Listener_Configuration" host="localhost" port="8081" basePath="/api" doc:name="HTTP Listener Configuration"/>
    <http:request-config name="HTTP_Request_Configuration" host="mu.mulesoft-training.com" port="80" doc:name="HTTP Request Configuration"/>
    <flow name="unitedflightsFlow">
        <http:listener config-ref="HTTP_Listener_Configuration" path="/unitedFlightsByDestination/{destination}/{seats}" doc:name="HTTP"/>
        <logger message="Request received by unitedflightsFlow" level="INFO" doc:name="Logger"/>
        <set-variable variableName="fvMethod" value="#[message.inboundProperties.'http.method']" doc:name="Variable"/>
        <set-session-variable variableName="svMethod" value="#[message.inboundProperties.'http.method']" doc:name="Session Variable"/>
        <message-properties-transformer doc:name="Message Properties">
            <add-message-property key="userName" value="testuser"/>
            <add-message-property key="password" value="welcome123"/>
            <add-message-property key="content-type" value="application/json"/>
        </message-properties-transformer>
        <http:request config-ref="HTTP_Request_Configuration" path="/essentials/united/flights/#[message.inboundProperties.'http.uri.params'.destination]" method="GET" doc:name="HTTP"/>
        <logger message="Response from united airlines........ #[message.payloadAs(java.lang.String)]" level="INFO" doc:name="Logger"/>
    </flow>
</mule>
